{"scaler_mean": [0.017697320894312175, 0.0013461228784744266, 0.02413532060414611, 0.19664156427456012, 19.939393939393938, 19.954040404040402, 0.004545454545454545, 0.21666666666666667, 0.2924242424242424, 0.48333333333333334, 0.0030303030303030303, 0.0015151515151515152, 0.3393939393939394, 0.31363636363636366, 0.34393939393939393, 0.0015151515151515152, 0.33636363636363636, 1.0, 0.48333333333333334, 0.0, 19.91060606060606, 40.11224195293781], "scaler_std": [0.7064595646419032, 0.7075308306443844, 0.687750074617819, 0.6983905901157128, 4.7157177154792125, 2.552692281472524, 0.06726658448613065, 0.41197356981027583, 0.454876142336406, 0.49972214501883166, 0.05496471862793046, 0.03889544743331345, 0.4735036359908997, 0.4639704678547141, 0.47502114398834533, 0.03889544743331345, 0.47246496218859213, 1.0, 0.49972214501883166, 1.0, 4.655353021404785, 10.179681200347572], "tcn_input_features": ["hour_sin", "hour_cos", "weekday_sin", "weekday_cos", "lag1", "roll3", "weather_???", "weather_Clear", "weather_Foggy", "weather_Rainy", "weather_Unknown", "road_cond_???", "road_cond_Good", "road_cond_Moderate", "road_cond_Poor", "road_cond_Unknown", "sensor_ok", "event_present", "is_holiday", "school_in_session", "vehicle_count", "avg_speed"], "num_features": 22, "window_size": 24, "num_classes": 5}