{
  "phase1_pretrained": {
    "mae": 9.506714626894158,
    "rmse": 10.522118231748676,
    "accuracy": 0.18220338983050846,
    "macro_f1": 0.15488238603857268
  },
  "baseline_random_heads": {
    "mae": 19.373588523622285,
    "rmse": 19.870344734183995,
    "accuracy": 0.2711864406779661,
    "macro_f1": 0.08590604026845637
  },
  "improvement": {
    "mae_delta": -9.866873896728126,
    "rmse_delta": -9.348226502435319,
    "accuracy_delta": -0.08898305084745764,
    "macro_f1_delta": 0.06897634577011631
  }
}